<?xml version="1.0" encoding="UTF-8"?>
<project-private xmlns="http://www.netbeans.org/ns/project-private/1">
    <editor-bookmarks xmlns="http://www.netbeans.org/ns/editor-bookmarks/2" lastBookmarkId="0"/>
    <open-files xmlns="http://www.netbeans.org/ns/projectui-open-files/2">
        <group>
            <file>file:/C:/Users/ademi/Documents/NetBeansProjects/Parccial3Store/src/Formularios/MainForm.java</file>
            <file>file:/C:/Users/ademi/Documents/NetBeansProjects/Parccial3Store/src/Clases/Transaction.java</file>
            <file>file:/C:/Users/ademi/Documents/NetBeansProjects/Parccial3Store/src/parccial3store/Parccial3Store.java</file>
            <file>file:/C:/Users/ademi/Documents/NetBeansProjects/Parccial3Store/src/Formularios/FormWallet.java</file>
            <file>file:/C:/Users/ademi/Documents/NetBeansProjects/Parccial3Store/src/Clases/Block.java</file>
            <file>file:/C:/Users/ademi/Documents/NetBeansProjects/Parccial3Store/src/Formularios/ServerForm.java</file>
            <file>file:/C:/Users/ademi/Documents/NetBeansProjects/Parccial3Store/src/Clases/BlockChain.java</file>
        </group>
    </open-files>
</project-private>
